Estado,Ano,Mes,Internacoes
AC,2016,1,273
AC,2016,2,206
AC,2016,3,245
AC,2016,4,348
AC,2016,5,349
AC,2016,6,347
AC,2016,7,381
AC,2016,8,332
AC,2016,9,244
AC,2016,10,268
AC,2016,11,229
AC,2016,12,287
AC,2017,1,270
AC,2017,2,273
AC,2017,3,284
AC,2017,4,256
AC,2017,5,275
AC,2017,6,261
AC,2017,7,255
AC,2017,8,231
AC,2017,9,224
AC,2017,10,216
AC,2017,11,203
AC,2017,12,202
AC,2018,1,227
AC,2018,2,217
AC,2018,3,276
AC,2018,4,317
AC,2018,5,396
AC,2018,6,384
AC,2018,7,349
AC,2018,8,311
AC,2018,9,278
AC,2018,10,247
AC,2018,11,144
AC,2018,12,186
AC,2019,1,253
AC,2019,2,232
AC,2019,3,315
AC,2019,4,349
AC,2019,5,328
AC,2019,6,266
AC,2019,7,234
AC,2019,8,285
AC,2019,9,236
AC,2019,10,279
AC,2019,11,240
AC,2019,12,235
AC,2020,1,205
AC,2020,2,239
AC,2020,3,263
AC,2020,4,179
AC,2020,5,80
AC,2020,6,96
AC,2020,7,108
AC,2020,8,147
AC,2020,9,167
AC,2020,10,193
AC,2020,11,142
AC,2020,12,167
AC,2021,1,229
AC,2021,2,219
AC,2021,3,159
AC,2021,4,191
AC,2021,5,235
AC,2021,6,253
AC,2021,7,262
AC,2021,8,253
AC,2021,9,223
AC,2021,10,234
AC,2021,11,325
AC,2021,12,391
AC,2022,1,484
AC,2022,2,216
AC,2022,3,315
AC,2022,4,507
AC,2022,5,542
AC,2022,6,505
AC,2022,7,388
AC,2022,8,303
AC,2022,9,267
AC,2022,10,293
AC,2022,11,295
AC,2022,12,286
AC,2023,1,294
AC,2023,2,274
AC,2023,3,328
AC,2023,4,417
AC,2023,5,598
AC,2023,6,693
AC,2023,7,684
AC,2023,8,533
AC,2023,9,424
AC,2023,10,491
AC,2023,11,368
AC,2023,12,316
AC,2024,1,279
AC,2024,2,306
AC,2024,3,400
AC,2024,4,529
AC,2024,5,582
AC,2024,6,592
AC,2024,7,575
AC,2024,8,413
AC,2024,9,372
AC,2024,10,276
AC,2024,11,316
AC,2024,12,301
AC,2025,1,296
AC,2025,2,278
AC,2025,3,417
AC,2025,4,463
AC,2025,5,572
AC,2025,6,488
AC,2025,7,419
AC,2025,8,362
AC,2025,9,326
AC,2025,10,346
AC,2025,11,281
AC,2025,12,264
AL,2016,1,900
AL,2016,2,777
AL,2016,3,1076
AL,2016,4,1199
AL,2016,5,1312
AL,2016,6,1471
AL,2016,7,1462
AL,2016,8,1318
AL,2016,9,1108
AL,2016,10,1095
AL,2016,11,968
AL,2016,12,945
AL,2017,1,1017
AL,2017,2,894
AL,2017,3,1140
AL,2017,4,1227
AL,2017,5,1577
AL,2017,6,1548
AL,2017,7,1387
AL,2017,8,1344
AL,2017,9,1077
AL,2017,10,1121
AL,2017,11,1000
AL,2017,12,949
AL,2018,1,849
AL,2018,2,717
AL,2018,3,956
AL,2018,4,1216
AL,2018,5,1554
AL,2018,6,1442
AL,2018,7,1243
AL,2018,8,1212
AL,2018,9,1071
AL,2018,10,1051
AL,2018,11,885
AL,2018,12,828
AL,2019,1,926
AL,2019,2,801
AL,2019,3,975
AL,2019,4,1219
AL,2019,5,1451
AL,2019,6,1142
AL,2019,7,1182
AL,2019,8,1053
AL,2019,9,1025
AL,2019,10,1122
AL,2019,11,984
AL,2019,12,877
AL,2020,1,873
AL,2020,2,804
AL,2020,3,847
AL,2020,4,584
AL,2020,5,484
AL,2020,6,516
AL,2020,7,628
AL,2020,8,707
AL,2020,9,630
AL,2020,10,774
AL,2020,11,698
AL,2020,12,593
AL,2021,1,651
AL,2021,2,693
AL,2021,3,690
AL,2021,4,767
AL,2021,5,959
AL,2021,6,902
AL,2021,7,954
AL,2021,8,805
AL,2021,9,780
AL,2021,10,850
AL,2021,11,750
AL,2021,12,783
AL,2022,1,1076
AL,2022,2,642
AL,2022,3,922
AL,2022,4,931
AL,2022,5,1134
AL,2022,6,1246
AL,2022,7,1085
AL,2022,8,1072
AL,2022,9,994
AL,2022,10,1050
AL,2022,11,1016
AL,2022,12,817
AL,2023,1,779
AL,2023,2,688
AL,2023,3,1031
AL,2023,4,1040
AL,2023,5,1224
AL,2023,6,1204
AL,2023,7,1018
AL,2023,8,1069
AL,2023,9,945
AL,2023,10,974
AL,2023,11,800
AL,2023,12,634
AL,2024,1,583
AL,2024,2,557
AL,2024,3,911
AL,2024,4,1160
AL,2024,5,1299
AL,2024,6,1076
AL,2024,7,978
AL,2024,8,891
AL,2024,9,986
AL,2024,10,890
AL,2024,11,834
AL,2024,12,707
AL,2025,1,624
AL,2025,2,601
AL,2025,3,875
AL,2025,4,903
AL,2025,5,1099
AL,2025,6,1336
AL,2025,7,1244
AL,2025,8,1100
AL,2025,9,1033
AL,2025,10,955
AL,2025,11,741
AL,2025,12,428
AM,2016,1,928
AM,2016,2,783
AM,2016,3,1218
AM,2016,4,1551
AM,2016,5,1879
AM,2016,6,1957
AM,2016,7,1397
AM,2016,8,1092
AM,2016,9,904
AM,2016,10,1058
AM,2016,11,896
AM,2016,12,883
AM,2017,1,1009
AM,2017,2,1094
AM,2017,3,1417
AM,2017,4,1880
AM,2017,5,2183
AM,2017,6,1775
AM,2017,7,1311
AM,2017,8,1257
AM,2017,9,982
AM,2017,10,976
AM,2017,11,993
AM,2017,12,1030
AM,2018,1,1095
AM,2018,2,1106
AM,2018,3,1441
AM,2018,4,1565
AM,2018,5,1917
AM,2018,6,1821
AM,2018,7,1543
AM,2018,8,1441
AM,2018,9,1198
AM,2018,10,1160
AM,2018,11,988
AM,2018,12,1004
AM,2019,1,1052
AM,2019,2,1567
AM,2019,3,2252
AM,2019,4,1743
AM,2019,5,1497
AM,2019,6,1390
AM,2019,7,1304
AM,2019,8,1402
AM,2019,9,1096
AM,2019,10,1334
AM,2019,11,1134
AM,2019,12,1153
AM,2020,1,1105
AM,2020,2,1096
AM,2020,3,1380
AM,2020,4,888
AM,2020,5,615
AM,2020,6,549
AM,2020,7,778
AM,2020,8,829
AM,2020,9,769
AM,2020,10,881
AM,2020,11,1091
AM,2020,12,1273
AM,2021,1,1674
AM,2021,2,1032
AM,2021,3,968
AM,2021,4,1087
AM,2021,5,1111
AM,2021,6,1144
AM,2021,7,1256
AM,2021,8,1206
AM,2021,9,1235
AM,2021,10,1481
AM,2021,11,1514
AM,2021,12,2038
AM,2022,1,1842
AM,2022,2,1148
AM,2022,3,1827
AM,2022,4,2114
AM,2022,5,2243
AM,2022,6,2041
AM,2022,7,1962
AM,2022,8,1726
AM,2022,9,1526
AM,2022,10,1367
AM,2022,11,1273
AM,2022,12,1335
AM,2023,1,1337
AM,2023,2,1462
AM,2023,3,2043
AM,2023,4,2617
AM,2023,5,3070
AM,2023,6,3126
AM,2023,7,2654
AM,2023,8,2177
AM,2023,9,1601
AM,2023,10,1582
AM,2023,11,1465
AM,2023,12,1261
AM,2024,1,1264
AM,2024,2,1207
AM,2024,3,1805
AM,2024,4,2251
AM,2024,5,2953
AM,2024,6,2843
AM,2024,7,1937
AM,2024,8,1883
AM,2024,9,1678
AM,2024,10,1691
AM,2024,11,1697
AM,2024,12,1651
AM,2025,1,1791
AM,2025,2,1566
AM,2025,3,2180
AM,2025,4,2292
AM,2025,5,2249
AM,2025,6,2474
AM,2025,7,2465
AM,2025,8,2347
AM,2025,9,2029
AM,2025,10,2099
AM,2025,11,1737
AM,2025,12,1301
AP,2016,1,130
AP,2016,2,123
AP,2016,3,272
AP,2016,4,367
AP,2016,5,388
AP,2016,6,421
AP,2016,7,322
AP,2016,8,233
AP,2016,9,207
AP,2016,10,207
AP,2016,11,159
AP,2016,12,147
AP,2017,1,180
AP,2017,2,220
AP,2017,3,307
AP,2017,4,360
AP,2017,5,493
AP,2017,6,430
AP,2017,7,337
AP,2017,8,262
AP,2017,9,206
AP,2017,10,210
AP,2017,11,208
AP,2017,12,183
AP,2018,1,226
AP,2018,2,198
AP,2018,3,252
AP,2018,4,335
AP,2018,5,507
AP,2018,6,517
AP,2018,7,459
AP,2018,8,335
AP,2018,9,270
AP,2018,10,301
AP,2018,11,275
AP,2018,12,265
AP,2019,1,271
AP,2019,2,281
AP,2019,3,437
AP,2019,4,603
AP,2019,5,606
AP,2019,6,514
AP,2019,7,385
AP,2019,8,318
AP,2019,9,317
AP,2019,10,372
AP,2019,11,387
AP,2019,12,297
AP,2020,1,289
AP,2020,2,351
AP,2020,3,321
AP,2020,4,119
AP,2020,5,101
AP,2020,6,88
AP,2020,7,138
AP,2020,8,234
AP,2020,9,166
AP,2020,10,156
AP,2020,11,94
AP,2020,12,126
AP,2021,1,240
AP,2021,2,223
AP,2021,3,267
AP,2021,4,233
AP,2021,5,233
AP,2021,6,254
AP,2021,7,279
AP,2021,8,294
AP,2021,9,209
AP,2021,10,280
AP,2021,11,242
AP,2021,12,366
AP,2022,1,490
AP,2022,2,229
AP,2022,3,374
AP,2022,4,489
AP,2022,5,538
AP,2022,6,464
AP,2022,7,363
AP,2022,8,318
AP,2022,9,358
AP,2022,10,430
AP,2022,11,343
AP,2022,12,301
AP,2023,1,299
AP,2023,2,335
AP,2023,3,482
AP,2023,4,580
AP,2023,5,808
AP,2023,6,726
AP,2023,7,531
AP,2023,8,529
AP,2023,9,367
AP,2023,10,419
AP,2023,11,347
AP,2023,12,321
AP,2024,1,325
AP,2024,2,281
AP,2024,3,477
AP,2024,4,514
AP,2024,5,724
AP,2024,6,585
AP,2024,7,506
AP,2024,8,376
AP,2024,9,318
AP,2024,10,376
AP,2024,11,378
AP,2024,12,334
AP,2025,1,320
AP,2025,2,311
AP,2025,3,473
AP,2025,4,502
AP,2025,5,714
AP,2025,6,643
AP,2025,7,443
AP,2025,8,358
AP,2025,9,341
AP,2025,10,372
AP,2025,11,292
AP,2025,12,156
BA,2016,1,5465
BA,2016,2,6110
BA,2016,3,7281
BA,2016,4,7970
BA,2016,5,7872
BA,2016,6,7344
BA,2016,7,7485
BA,2016,8,7518
BA,2016,9,6870
BA,2016,10,6744
BA,2016,11,5414
BA,2016,12,4924
BA,2017,1,5567
BA,2017,2,4856
BA,2017,3,7084
BA,2017,4,7559
BA,2017,5,9074
BA,2017,6,8248
BA,2017,7,7992
BA,2017,8,7808
BA,2017,9,6872
BA,2017,10,7304
BA,2017,11,6281
BA,2017,12,5895
BA,2018,1,5878
BA,2018,2,4815
BA,2018,3,6750
BA,2018,4,8596
BA,2018,5,9452
BA,2018,6,8107
BA,2018,7,8115
BA,2018,8,7380
BA,2018,9,6569
BA,2018,10,6450
BA,2018,11,5745
BA,2018,12,6010
BA,2019,1,5731
BA,2019,2,4673
BA,2019,3,5973
BA,2019,4,7828
BA,2019,5,9497
BA,2019,6,8362
BA,2019,7,8237
BA,2019,8,7625
BA,2019,9,6820
BA,2019,10,6783
BA,2019,11,5784
BA,2019,12,5198
BA,2020,1,5062
BA,2020,2,5162
BA,2020,3,5323
BA,2020,4,3226
BA,2020,5,3073
BA,2020,6,3218
BA,2020,7,3357
BA,2020,8,3352
BA,2020,9,3544
BA,2020,10,3905
BA,2020,11,3671
BA,2020,12,3324
BA,2021,1,3582
BA,2021,2,3416
BA,2021,3,3730
BA,2021,4,3495
BA,2021,5,4175
BA,2021,6,4133
BA,2021,7,4198
BA,2021,8,4149
BA,2021,9,3821
BA,2021,10,3809
BA,2021,11,4122
BA,2021,12,5903
BA,2022,1,8791
BA,2022,2,4294
BA,2022,3,5640
BA,2022,4,6473
BA,2022,5,7414
BA,2022,6,7104
BA,2022,7,6259
BA,2022,8,6159
BA,2022,9,5811
BA,2022,10,5848
BA,2022,11,5408
BA,2022,12,5168
BA,2023,1,4619
BA,2023,2,4473
BA,2023,3,7465
BA,2023,4,7771
BA,2023,5,9034
BA,2023,6,7985
BA,2023,7,7565
BA,2023,8,7352
BA,2023,9,6513
BA,2023,10,6627
BA,2023,11,5852
BA,2023,12,5247
BA,2024,1,4710
BA,2024,2,4453
BA,2024,3,6945
BA,2024,4,8656
BA,2024,5,9357
BA,2024,6,7879
BA,2024,7,7934
BA,2024,8,7712
BA,2024,9,7403
BA,2024,10,7173
BA,2024,11,6013
BA,2024,12,5578
BA,2025,1,5078
BA,2025,2,4673
BA,2025,3,6112
BA,2025,4,6879
BA,2025,5,9126
BA,2025,6,9984
BA,2025,7,9369
BA,2025,8,8728
BA,2025,9,7698
BA,2025,10,6618
BA,2025,11,5078
BA,2025,12,3136
CE,2016,1,2875
CE,2016,2,3332
CE,2016,3,3830
CE,2016,4,4242
CE,2016,5,4460
CE,2016,6,4284
CE,2016,7,3507
CE,2016,8,3302
CE,2016,9,3413
CE,2016,10,3156
CE,2016,11,3076
CE,2016,12,3044
CE,2017,1,3686
CE,2017,2,4387
CE,2017,3,6938
CE,2017,4,5310
CE,2017,5,4558
CE,2017,6,3835
CE,2017,7,3552
CE,2017,8,3459
CE,2017,9,3609
CE,2017,10,3563
CE,2017,11,3355
CE,2017,12,3348
CE,2018,1,3539
CE,2018,2,3177
CE,2018,3,4523
CE,2018,4,5773
CE,2018,5,5887
CE,2018,6,5139
CE,2018,7,4480
CE,2018,8,4192
CE,2018,9,3966
CE,2018,10,4089
CE,2018,11,3678
CE,2018,12,3329
CE,2019,1,3841
CE,2019,2,4500
CE,2019,3,6007
CE,2019,4,6169
CE,2019,5,6072
CE,2019,6,4683
CE,2019,7,4092
CE,2019,8,4151
CE,2019,9,4174
CE,2019,10,4264
CE,2019,11,3960
CE,2019,12,3655
CE,2020,1,3463
CE,2020,2,3771
CE,2020,3,4670
CE,2020,4,2234
CE,2020,5,1863
CE,2020,6,1728
CE,2020,7,1822
CE,2020,8,1828
CE,2020,9,1970
CE,2020,10,2037
CE,2020,11,1911
CE,2020,12,1954
CE,2021,1,2020
CE,2021,2,2090
CE,2021,3,2748
CE,2021,4,2424
CE,2021,5,2890
CE,2021,6,2834
CE,2021,7,2831
CE,2021,8,2829
CE,2021,9,2716
CE,2021,10,2960
CE,2021,11,3160
CE,2021,12,3690
CE,2022,1,5163
CE,2022,2,2747
CE,2022,3,4625
CE,2022,4,6571
CE,2022,5,8045
CE,2022,6,6184
CE,2022,7,4346
CE,2022,8,4822
CE,2022,9,4584
CE,2022,10,4692
CE,2022,11,4254
CE,2022,12,3780
CE,2023,1,3226
CE,2023,2,4037
CE,2023,3,6085
CE,2023,4,7655
CE,2023,5,8920
CE,2023,6,6908
CE,2023,7,5027
CE,2023,8,4896
CE,2023,9,4905
CE,2023,10,5012
CE,2023,11,4867
CE,2023,12,4367
CE,2024,1,3611
CE,2024,2,3979
CE,2024,3,5636
CE,2024,4,7468
CE,2024,5,7816
CE,2024,6,7432
CE,2024,7,5533
CE,2024,8,5053
CE,2024,9,5342
CE,2024,10,4819
CE,2024,11,4244
CE,2024,12,3654
CE,2025,1,3374
CE,2025,2,3779
CE,2025,3,5506
CE,2025,4,7590
CE,2025,5,9843
CE,2025,6,7575
CE,2025,7,5353
CE,2025,8,4887
CE,2025,9,4994
CE,2025,10,4668
CE,2025,11,3764
CE,2025,12,2542
DF,2016,1,660
DF,2016,2,627
DF,2016,3,1155
DF,2016,4,1190
DF,2016,5,1225
DF,2016,6,1215
DF,2016,7,1153
DF,2016,8,913
DF,2016,9,888
DF,2016,10,908
DF,2016,11,815
DF,2016,12,956
DF,2017,1,859
DF,2017,2,1114
DF,2017,3,1773
DF,2017,4,1424
DF,2017,5,1375
DF,2017,6,1262
DF,2017,7,1015
DF,2017,8,944
DF,2017,9,928
DF,2017,10,970
DF,2017,11,802
DF,2017,12,814
DF,2018,1,843
DF,2018,2,762
DF,2018,3,1436
DF,2018,4,1549
DF,2018,5,1517
DF,2018,6,1102
DF,2018,7,951
DF,2018,8,973
DF,2018,9,1004
DF,2018,10,1012
DF,2018,11,1188
DF,2018,12,1183
DF,2019,1,907
DF,2019,2,1074
DF,2019,3,1911
DF,2019,4,2119
DF,2019,5,1907
DF,2019,6,1564
DF,2019,7,1394
DF,2019,8,1342
DF,2019,9,1130
DF,2019,10,1113
DF,2019,11,967
DF,2019,12,1024
DF,2020,1,781
DF,2020,2,1038
DF,2020,3,1357
DF,2020,4,736
DF,2020,5,750
DF,2020,6,831
DF,2020,7,892
DF,2020,8,779
DF,2020,9,634
DF,2020,10,705
DF,2020,11,734
DF,2020,12,685
DF,2021,1,685
DF,2021,2,776
DF,2021,3,1239
DF,2021,4,895
DF,2021,5,987
DF,2021,6,821
DF,2021,7,868
DF,2021,8,963
DF,2021,9,1078
DF,2021,10,1148
DF,2021,11,1312
DF,2021,12,1740
DF,2022,1,1704
DF,2022,2,1061
DF,2022,3,2049
DF,2022,4,1843
DF,2022,5,1806
DF,2022,6,1655
DF,2022,7,1327
DF,2022,8,1252
DF,2022,9,1227
DF,2022,10,1107
DF,2022,11,1048
DF,2022,12,1294
DF,2023,1,1241
DF,2023,2,1593
DF,2023,3,2382
DF,2023,4,2055
DF,2023,5,1865
DF,2023,6,1609
DF,2023,7,1439
DF,2023,8,1433
DF,2023,9,1160
DF,2023,10,1274
DF,2023,11,1268
DF,2023,12,1122
DF,2024,1,931
DF,2024,2,1060
DF,2024,3,1956
DF,2024,4,2301
DF,2024,5,2059
DF,2024,6,1665
DF,2024,7,1465
DF,2024,8,1434
DF,2024,9,1382
DF,2024,10,1261
DF,2024,11,1302
DF,2024,12,1480
DF,2025,1,1182
DF,2025,2,1236
DF,2025,3,1948
DF,2025,4,2043
DF,2025,5,2129
DF,2025,6,1696
DF,2025,7,1492
DF,2025,8,1454
DF,2025,9,1583
DF,2025,10,1191
DF,2025,11,1009
DF,2025,12,854
ES,2016,1,1192
ES,2016,2,1138
ES,2016,3,1690
ES,2016,4,2251
ES,2016,5,2567
ES,2016,6,2295
ES,2016,7,2146
ES,2016,8,2105
ES,2016,9,2024
ES,2016,10,2024
ES,2016,11,1695
ES,2016,12,1603
ES,2017,1,1386
ES,2017,2,1171
ES,2017,3,1929
ES,2017,4,2053
ES,2017,5,2348
ES,2017,6,2224
ES,2017,7,2043
ES,2017,8,2258
ES,2017,9,2020
ES,2017,10,1960
ES,2017,11,1751
ES,2017,12,1509
ES,2018,1,1363
ES,2018,2,1261
ES,2018,3,2014
ES,2018,4,2377
ES,2018,5,2643
ES,2018,6,2040
ES,2018,7,1973
ES,2018,8,2041
ES,2018,9,1827
ES,2018,10,1897
ES,2018,11,1654
ES,2018,12,1684
ES,2019,1,1326
ES,2019,2,1179
ES,2019,3,1736
ES,2019,4,2046
ES,2019,5,2212
ES,2019,6,1999
ES,2019,7,2215
ES,2019,8,2074
ES,2019,9,2014
ES,2019,10,2029
ES,2019,11,1607
ES,2019,12,1660
ES,2020,1,1280
ES,2020,2,1269
ES,2020,3,1562
ES,2020,4,1220
ES,2020,5,1017
ES,2020,6,1113
ES,2020,7,1316
ES,2020,8,1239
ES,2020,9,1132
ES,2020,10,1225
ES,2020,11,1354
ES,2020,12,1710
ES,2021,1,1401
ES,2021,2,1473
ES,2021,3,1828
ES,2021,4,1443
ES,2021,5,1587
ES,2021,6,1552
ES,2021,7,1710
ES,2021,8,1633
ES,2021,9,1287
ES,2021,10,1317
ES,2021,11,1453
ES,2021,12,2190
ES,2022,1,2311
ES,2022,2,1243
ES,2022,3,1836
ES,2022,4,1969
ES,2022,5,2281
ES,2022,6,2558
ES,2022,7,2111
ES,2022,8,1936
ES,2022,9,1980
ES,2022,10,1804
ES,2022,11,1670
ES,2022,12,1518
ES,2023,1,1412
ES,2023,2,1535
ES,2023,3,2417
ES,2023,4,2450
ES,2023,5,2548
ES,2023,6,2335
ES,2023,7,2280
ES,2023,8,2240
ES,2023,9,1940
ES,2023,10,1902
ES,2023,11,1650
ES,2023,12,1503
ES,2024,1,1398
ES,2024,2,1442
ES,2024,3,2324
ES,2024,4,2720
ES,2024,5,2689
ES,2024,6,2501
ES,2024,7,2635
ES,2024,8,2637
ES,2024,9,2497
ES,2024,10,2355
ES,2024,11,2012
ES,2024,12,1715
ES,2025,1,1609
ES,2025,2,1536
ES,2025,3,2018
ES,2025,4,2812
ES,2025,5,3382
ES,2025,6,2786
ES,2025,7,2511
ES,2025,8,2295
ES,2025,9,2242
ES,2025,10,2246
ES,2025,11,1682
ES,2025,12,742
GO,2016,1,2678
GO,2016,2,2871
GO,2016,3,3990
GO,2016,4,4209
GO,2016,5,4126
GO,2016,6,3658
GO,2016,7,3308
GO,2016,8,2858
GO,2016,9,2924
GO,2016,10,2757
GO,2016,11,2492
GO,2016,12,2632
GO,2017,1,2682
GO,2017,2,3423
GO,2017,3,4783
GO,2017,4,4290
GO,2017,5,3942
GO,2017,6,3443
GO,2017,7,3201
GO,2017,8,3094
GO,2017,9,3013
GO,2017,10,3162
GO,2017,11,2622
GO,2017,12,2571
GO,2018,1,2607
GO,2018,2,2495
GO,2018,3,3781
GO,2018,4,4221
GO,2018,5,3636
GO,2018,6,2945
GO,2018,7,2830
GO,2018,8,2607
GO,2018,9,2746
GO,2018,10,2644
GO,2018,11,2565
GO,2018,12,2704
GO,2019,1,2401
GO,2019,2,2636
GO,2019,3,3720
GO,2019,4,4065
GO,2019,5,4011
GO,2019,6,3819
GO,2019,7,3323
GO,2019,8,3229
GO,2019,9,2977
GO,2019,10,3100
GO,2019,11,2827
GO,2019,12,2884
GO,2020,1,2661
GO,2020,2,2863
GO,2020,3,3231
GO,2020,4,1763
GO,2020,5,1694
GO,2020,6,1712
GO,2020,7,1850
GO,2020,8,1702
GO,2020,9,1559
GO,2020,10,1558
GO,2020,11,1527
GO,2020,12,1524
GO,2021,1,1652
GO,2021,2,1297
GO,2021,3,1539
GO,2021,4,1420
GO,2021,5,1666
GO,2021,6,1688
GO,2021,7,1789
GO,2021,8,1701
GO,2021,9,1632
GO,2021,10,1650
GO,2021,11,2058
GO,2021,12,2644
GO,2022,1,3992
GO,2022,2,2258
GO,2022,3,3066
GO,2022,4,2906
GO,2022,5,3323
GO,2022,6,3522
GO,2022,7,2892
GO,2022,8,3028
GO,2022,9,3113
GO,2022,10,3046
GO,2022,11,2775
GO,2022,12,2938
GO,2023,1,3165
GO,2023,2,4187
GO,2023,3,4927
GO,2023,4,4187
GO,2023,5,4525
GO,2023,6,3864
GO,2023,7,3807
GO,2023,8,3518
GO,2023,9,3244
GO,2023,10,2856
GO,2023,11,2866
GO,2023,12,2913
GO,2024,1,2616
GO,2024,2,2968
GO,2024,3,3968
GO,2024,4,4928
GO,2024,5,4956
GO,2024,6,4182
GO,2024,7,3593
GO,2024,8,3509
GO,2024,9,3516
GO,2024,10,3594
GO,2024,11,3282
GO,2024,12,3426
GO,2025,1,3578
GO,2025,2,4214
GO,2025,3,4559
GO,2025,4,4812
GO,2025,5,5871
GO,2025,6,5026
GO,2025,7,3911
GO,2025,8,3818
GO,2025,9,4004
GO,2025,10,3429
GO,2025,11,2571
GO,2025,12,1918
MA,2016,1,3066
MA,2016,2,3116
MA,2016,3,3560
MA,2016,4,3974
MA,2016,5,4205
MA,2016,6,3838
MA,2016,7,3195
MA,2016,8,2955
MA,2016,9,2790
MA,2016,10,2795
MA,2016,11,2512
MA,2016,12,2447
MA,2017,1,3165
MA,2017,2,4221
MA,2017,3,6162
MA,2017,4,5099
MA,2017,5,4856
MA,2017,6,4242
MA,2017,7,3937
MA,2017,8,3380
MA,2017,9,3272
MA,2017,10,3265
MA,2017,11,3296
MA,2017,12,3077
MA,2018,1,3191
MA,2018,2,3030
MA,2018,3,4080
MA,2018,4,4870
MA,2018,5,6014
MA,2018,6,4992
MA,2018,7,4424
MA,2018,8,3868
MA,2018,9,3573
MA,2018,10,3701
MA,2018,11,3393
MA,2018,12,3171
MA,2019,1,3304
MA,2019,2,3265
MA,2019,3,4766
MA,2019,4,5464
MA,2019,5,5272
MA,2019,6,4383
MA,2019,7,3853
MA,2019,8,3512
MA,2019,9,3404
MA,2019,10,3409
MA,2019,11,3420
MA,2019,12,3244
MA,2020,1,3077
MA,2020,2,3570
MA,2020,3,4543
MA,2020,4,2338
MA,2020,5,2369
MA,2020,6,2109
MA,2020,7,2170
MA,2020,8,2166
MA,2020,9,1936
MA,2020,10,2015
MA,2020,11,1843
MA,2020,12,1571
MA,2021,1,2188
MA,2021,2,2659
MA,2021,3,2954
MA,2021,4,2783
MA,2021,5,2699
MA,2021,6,2344
MA,2021,7,2315
MA,2021,8,2537
MA,2021,9,2753
MA,2021,10,3027
MA,2021,11,3013
MA,2021,12,5504
MA,2022,1,6973
MA,2022,2,2848
MA,2022,3,4063
MA,2022,4,4824
MA,2022,5,5810
MA,2022,6,5606
MA,2022,7,4635
MA,2022,8,3733
MA,2022,9,3721
MA,2022,10,3522
MA,2022,11,3450
MA,2022,12,3226
MA,2023,1,2929
MA,2023,2,3141
MA,2023,3,4926
MA,2023,4,5679
MA,2023,5,6821
MA,2023,6,6120
MA,2023,7,4823
MA,2023,8,4116
MA,2023,9,3947
MA,2023,10,4015
MA,2023,11,3794
MA,2023,12,3388
MA,2024,1,3167
MA,2024,2,2820
MA,2024,3,4926
MA,2024,4,6024
MA,2024,5,5632
MA,2024,6,4769
MA,2024,7,4146
MA,2024,8,3764
MA,2024,9,3938
MA,2024,10,3984
MA,2024,11,3615
MA,2024,12,3278
MA,2025,1,3052
MA,2025,2,2954
MA,2025,3,4432
MA,2025,4,5864
MA,2025,5,8404
MA,2025,6,6843
MA,2025,7,5161
MA,2025,8,4283
MA,2025,9,4279
MA,2025,10,4137
MA,2025,11,3473
MA,2025,12,2495
MG,2016,1,7749
MG,2016,2,7418
MG,2016,3,10263
MG,2016,4,12129
MG,2016,5,14017
MG,2016,6,13457
MG,2016,7,12833
MG,2016,8,10547
MG,2016,9,9102
MG,2016,10,8799
MG,2016,11,7883
MG,2016,12,8858
MG,2017,1,7728
MG,2017,2,7602
MG,2017,3,10893
MG,2017,4,10853
MG,2017,5,13971
MG,2017,6,13503
MG,2017,7,13065
MG,2017,8,11605
MG,2017,9,10597
MG,2017,10,9823
MG,2017,11,8506
MG,2017,12,8597
MG,2018,1,8485
MG,2018,2,7089
MG,2018,3,10547
MG,2018,4,11789
MG,2018,5,13649
MG,2018,6,13053
MG,2018,7,13042
MG,2018,8,11103
MG,2018,9,10020
MG,2018,10,9355
MG,2018,11,9516
MG,2018,12,9606
MG,2019,1,8373
MG,2019,2,7388
MG,2019,3,10137
MG,2019,4,12224
MG,2019,5,13957
MG,2019,6,13285
MG,2019,7,13641
MG,2019,8,11754
MG,2019,9,10691
MG,2019,10,9933
MG,2019,11,8730
MG,2019,12,9248
MG,2020,1,8765
MG,2020,2,8659
MG,2020,3,10517
MG,2020,4,5784
MG,2020,5,5918
MG,2020,6,6058
MG,2020,7,7327
MG,2020,8,6946
MG,2020,9,6046
MG,2020,10,6255
MG,2020,11,6337
MG,2020,12,6137
MG,2021,1,5959
MG,2021,2,5355
MG,2021,3,6798
MG,2021,4,6086
MG,2021,5,6952
MG,2021,6,6638
MG,2021,7,7356
MG,2021,8,6967
MG,2021,9,6418
MG,2021,10,6984
MG,2021,11,8047
MG,2021,12,11346
MG,2022,1,15004
MG,2022,2,8028
MG,2022,3,10515
MG,2022,4,10541
MG,2022,5,13255
MG,2022,6,14412
MG,2022,7,12846
MG,2022,8,11643
MG,2022,9,11441
MG,2022,10,10741
MG,2022,11,10237
MG,2022,12,10276
MG,2023,1,8998
MG,2023,2,10163
MG,2023,3,14324
MG,2023,4,13384
MG,2023,5,14943
MG,2023,6,14194
MG,2023,7,14760
MG,2023,8,12695
MG,2023,9,11460
MG,2023,10,10578
MG,2023,11,10411
MG,2023,12,9253
MG,2024,1,8913
MG,2024,2,9147
MG,2024,3,12792
MG,2024,4,15427
MG,2024,5,17079
MG,2024,6,16732
MG,2024,7,17038
MG,2024,8,14471
MG,2024,9,14035
MG,2024,10,13069
MG,2024,11,12056
MG,2024,12,11495
MG,2025,1,11451
MG,2025,2,10227
MG,2025,3,12027
MG,2025,4,14958
MG,2025,5,20641
MG,2025,6,19896
MG,2025,7,16844
MG,2025,8,13592
MG,2025,9,12933
MG,2025,10,11813
MG,2025,11,9979
MG,2025,12,6620
MS,2016,1,1075
MS,2016,2,1045
MS,2016,3,1479
MS,2016,4,1740
MS,2016,5,2706
MS,2016,6,2837
MS,2016,7,2356
MS,2016,8,1815
MS,2016,9,1822
MS,2016,10,1605
MS,2016,11,1413
MS,2016,12,1067
MS,2017,1,1089
MS,2017,2,1172
MS,2017,3,1889
MS,2017,4,2101
MS,2017,5,2382
MS,2017,6,1989
MS,2017,7,1866
MS,2017,8,1495
MS,2017,9,1474
MS,2017,10,1366
MS,2017,11,1302
MS,2017,12,1267
MS,2018,1,1186
MS,2018,2,1071
MS,2018,3,1734
MS,2018,4,2032
MS,2018,5,2089
MS,2018,6,2252
MS,2018,7,2198
MS,2018,8,1709
MS,2018,9,1683
MS,2018,10,1603
MS,2018,11,1537
MS,2018,12,1433
MS,2019,1,1168
MS,2019,2,1124
MS,2019,3,1688
MS,2019,4,1859
MS,2019,5,2141
MS,2019,6,2267
MS,2019,7,1766
MS,2019,8,1973
MS,2019,9,1792
MS,2019,10,1586
MS,2019,11,1428
MS,2019,12,1289
MS,2020,1,1213
MS,2020,2,1127
MS,2020,3,1630
MS,2020,4,852
MS,2020,5,854
MS,2020,6,866
MS,2020,7,1075
MS,2020,8,976
MS,2020,9,943
MS,2020,10,942
MS,2020,11,824
MS,2020,12,873
MS,2021,1,826
MS,2021,2,882
MS,2021,3,911
MS,2021,4,800
MS,2021,5,997
MS,2021,6,1040
MS,2021,7,1184
MS,2021,8,1146
MS,2021,9,1024
MS,2021,10,1168
MS,2021,11,1273
MS,2021,12,1432
MS,2022,1,1964
MS,2022,2,1101
MS,2022,3,1485
MS,2022,4,2002
MS,2022,5,2480
MS,2022,6,2446
MS,2022,7,2270
MS,2022,8,1865
MS,2022,9,1723
MS,2022,10,1699
MS,2022,11,1710
MS,2022,12,1429
MS,2023,1,1085
MS,2023,2,1192
MS,2023,3,2392
MS,2023,4,2497
MS,2023,5,2634
MS,2023,6,2172
MS,2023,7,2277
MS,2023,8,1772
MS,2023,9,1703
MS,2023,10,1660
MS,2023,11,1572
MS,2023,12,1460
MS,2024,1,1193
MS,2024,2,1101
MS,2024,3,1597
MS,2024,4,2178
MS,2024,5,2462
MS,2024,6,2487
MS,2024,7,2213
MS,2024,8,1849
MS,2024,9,2164
MS,2024,10,1721
MS,2024,11,1557
MS,2024,12,1573
MS,2025,1,1387
MS,2025,2,1375
MS,2025,3,1842
MS,2025,4,2545
MS,2025,5,3242
MS,2025,6,2698
MS,2025,7,2394
MS,2025,8,1813
MS,2025,9,1710
MS,2025,10,1265
MS,2025,11,977
MS,2025,12,335
MT,2016,1,1205
MT,2016,2,1198
MT,2016,3,1850
MT,2016,4,2132
MT,2016,5,2222
MT,2016,6,1970
MT,2016,7,1916
MT,2016,8,1546
MT,2016,9,1522
MT,2016,10,1627
MT,2016,11,1421
MT,2016,12,1399
MT,2017,1,1500
MT,2017,2,1745
MT,2017,3,2377
MT,2017,4,1891
MT,2017,5,1687
MT,2017,6,1708
MT,2017,7,1642
MT,2017,8,1426
MT,2017,9,1493
MT,2017,10,1447
MT,2017,11,1279
MT,2017,12,1195
MT,2018,1,1203
MT,2018,2,1102
MT,2018,3,1989
MT,2018,4,2266
MT,2018,5,2089
MT,2018,6,1770
MT,2018,7,1580
MT,2018,8,1489
MT,2018,9,1426
MT,2018,10,1453
MT,2018,11,1426
MT,2018,12,1329
MT,2019,1,1220
MT,2019,2,1215
MT,2019,3,1942
MT,2019,4,2277
MT,2019,5,2188
MT,2019,6,1746
MT,2019,7,1733
MT,2019,8,1542
MT,2019,9,1628
MT,2019,10,1523
MT,2019,11,1417
MT,2019,12,1365
MT,2020,1,1272
MT,2020,2,1220
MT,2020,3,1503
MT,2020,4,829
MT,2020,5,779
MT,2020,6,852
MT,2020,7,827
MT,2020,8,812
MT,2020,9,788
MT,2020,10,846
MT,2020,11,706
MT,2020,12,690
MT,2021,1,842
MT,2021,2,735
MT,2021,3,977
MT,2021,4,804
MT,2021,5,994
MT,2021,6,913
MT,2021,7,908
MT,2021,8,890
MT,2021,9,866
MT,2021,10,993
MT,2021,11,1014
MT,2021,12,1402
MT,2022,1,1849
MT,2022,2,993
MT,2022,3,1770
MT,2022,4,2033
MT,2022,5,1937
MT,2022,6,1916
MT,2022,7,1595
MT,2022,8,1479
MT,2022,9,1460
MT,2022,10,1746
MT,2022,11,1509
MT,2022,12,1283
MT,2023,1,1166
MT,2023,2,1617
MT,2023,3,2530
MT,2023,4,2740
MT,2023,5,2629
MT,2023,6,2034
MT,2023,7,1871
MT,2023,8,1858
MT,2023,9,1604
MT,2023,10,1584
MT,2023,11,1396
MT,2023,12,1418
MT,2024,1,1287
MT,2024,2,1384
MT,2024,3,2141
MT,2024,4,3030
MT,2024,5,3021
MT,2024,6,2364
MT,2024,7,1987
MT,2024,8,1895
MT,2024,9,2008
MT,2024,10,1872
MT,2024,11,1687
MT,2024,12,1584
MT,2025,1,1559
MT,2025,2,1763
MT,2025,3,2411
MT,2025,4,2851
MT,2025,5,3436
MT,2025,6,2890
MT,2025,7,2397
MT,2025,8,2146
MT,2025,9,2042
MT,2025,10,1747
MT,2025,11,1476
MT,2025,12,957
PA,2016,1,3480
PA,2016,2,3637
PA,2016,3,5388
PA,2016,4,6164
PA,2016,5,5135
PA,2016,6,4287
PA,2016,7,3577
PA,2016,8,3872
PA,2016,9,3924
PA,2016,10,4117
PA,2016,11,4104
PA,2016,12,3774
PA,2017,1,4634
PA,2017,2,4781
PA,2017,3,6782
PA,2017,4,5439
PA,2017,5,5448
PA,2017,6,4818
PA,2017,7,4268
PA,2017,8,3983
PA,2017,9,4192
PA,2017,10,4613
PA,2017,11,4441
PA,2017,12,3888
PA,2018,1,3945
PA,2018,2,3546
PA,2018,3,4786
PA,2018,4,6102
PA,2018,5,6521
PA,2018,6,5989
PA,2018,7,4508
PA,2018,8,4276
PA,2018,9,4176
PA,2018,10,4033
PA,2018,11,3618
PA,2018,12,3478
PA,2019,1,3792
PA,2019,2,3800
PA,2019,3,5443
PA,2019,4,6663
PA,2019,5,7041
PA,2019,6,5535
PA,2019,7,4143
PA,2019,8,3702
PA,2019,9,3919
PA,2019,10,4161
PA,2019,11,4054
PA,2019,12,3769
PA,2020,1,3960
PA,2020,2,4212
PA,2020,3,4910
PA,2020,4,2499
PA,2020,5,2818
PA,2020,6,2178
PA,2020,7,2432
PA,2020,8,2792
PA,2020,9,2453
PA,2020,10,2693
PA,2020,11,2549
PA,2020,12,2657
PA,2021,1,3000
PA,2021,2,2756
PA,2021,3,2958
PA,2021,4,2436
PA,2021,5,2661
PA,2021,6,2690
PA,2021,7,2731
PA,2021,8,3168
PA,2021,9,3063
PA,2021,10,3134
PA,2021,11,3125
PA,2021,12,4436
PA,2022,1,5957
PA,2022,2,2707
PA,2022,3,4042
PA,2022,4,5127
PA,2022,5,6394
PA,2022,6,5408
PA,2022,7,4312
PA,2022,8,3503
PA,2022,9,3874
PA,2022,10,3985
PA,2022,11,3801
PA,2022,12,3399
PA,2023,1,3523
PA,2023,2,3561
PA,2023,3,5281
PA,2023,4,5767
PA,2023,5,6558
PA,2023,6,5914
PA,2023,7,4653
PA,2023,8,4452
PA,2023,9,4392
PA,2023,10,4151
PA,2023,11,3925
PA,2023,12,3675
PA,2024,1,3772
PA,2024,2,3620
PA,2024,3,5653
PA,2024,4,6491
PA,2024,5,5816
PA,2024,6,4693
PA,2024,7,3959
PA,2024,8,3409
PA,2024,9,3709
PA,2024,10,4040
PA,2024,11,3580
PA,2024,12,3262
PA,2025,1,3278
PA,2025,2,3400
PA,2025,3,4839
PA,2025,4,5919
PA,2025,5,7021
PA,2025,6,6413
PA,2025,7,4939
PA,2025,8,4115
PA,2025,9,4054
PA,2025,10,3731
PA,2025,11,3216
PA,2025,12,2348
PB,2016,1,1264
PB,2016,2,1379
PB,2016,3,1939
PB,2016,4,2019
PB,2016,5,2127
PB,2016,6,2050
PB,2016,7,1737
PB,2016,8,1672
PB,2016,9,1587
PB,2016,10,1485
PB,2016,11,1397
PB,2016,12,1299
PB,2017,1,1313
PB,2017,2,1363
PB,2017,3,2105
PB,2017,4,2241
PB,2017,5,2530
PB,2017,6,2099
PB,2017,7,1855
PB,2017,8,1994
PB,2017,9,1647
PB,2017,10,1824
PB,2017,11,1673
PB,2017,12,1578
PB,2018,1,1413
PB,2018,2,1332
PB,2018,3,1674
PB,2018,4,1820
PB,2018,5,2383
PB,2018,6,2125
PB,2018,7,1965
PB,2018,8,1970
PB,2018,9,1691
PB,2018,10,1728
PB,2018,11,1603
PB,2018,12,1454
PB,2019,1,1424
PB,2019,2,1368
PB,2019,3,2142
PB,2019,4,2421
PB,2019,5,2373
PB,2019,6,2018
PB,2019,7,1965
PB,2019,8,1995
PB,2019,9,1872
PB,2019,10,1840
PB,2019,11,1682
PB,2019,12,1446
PB,2020,1,1360
PB,2020,2,1349
PB,2020,3,1445
PB,2020,4,790
PB,2020,5,702
PB,2020,6,626
PB,2020,7,730
PB,2020,8,754
PB,2020,9,715
PB,2020,10,884
PB,2020,11,834
PB,2020,12,842
PB,2021,1,865
PB,2021,2,849
PB,2021,3,981
PB,2021,4,996
PB,2021,5,1181
PB,2021,6,1117
PB,2021,7,1018
PB,2021,8,1085
PB,2021,9,1029
PB,2021,10,1189
PB,2021,11,1239
PB,2021,12,1411
PB,2022,1,1980
PB,2022,2,1055
PB,2022,3,1624
PB,2022,4,2233
PB,2022,5,2759
PB,2022,6,2547
PB,2022,7,1986
PB,2022,8,1913
PB,2022,9,1706
PB,2022,10,1775
PB,2022,11,1709
PB,2022,12,1461
PB,2023,1,1333
PB,2023,2,1474
PB,2023,3,2201
PB,2023,4,2902
PB,2023,5,3140
PB,2023,6,2515
PB,2023,7,2310
PB,2023,8,2445
PB,2023,9,1984
PB,2023,10,2030
PB,2023,11,1877
PB,2023,12,1652
PB,2024,1,1416
PB,2024,2,1492
PB,2024,3,2727
PB,2024,4,3369
PB,2024,5,3567
PB,2024,6,2894
PB,2024,7,2688
PB,2024,8,2675
PB,2024,9,2690
PB,2024,10,2522
PB,2024,11,2123
PB,2024,12,1733
PB,2025,1,1765
PB,2025,2,1687
PB,2025,3,2301
PB,2025,4,2533
PB,2025,5,3025
PB,2025,6,3378
PB,2025,7,3240
PB,2025,8,2943
PB,2025,9,2675
PB,2025,10,2330
PB,2025,11,2018
PB,2025,12,1168
PE,2016,1,2614
PE,2016,2,2634
PE,2016,3,3489
PE,2016,4,3808
PE,2016,5,4178
PE,2016,6,4398
PE,2016,7,3619
PE,2016,8,3516
PE,2016,9,3174
PE,2016,10,3152
PE,2016,11,2864
PE,2016,12,2764
PE,2017,1,2462
PE,2017,2,2745
PE,2017,3,4156
PE,2017,4,4723
PE,2017,5,5089
PE,2017,6,4588
PE,2017,7,3815
PE,2017,8,4156
PE,2017,9,3670
PE,2017,10,3671
PE,2017,11,3382
PE,2017,12,3215
PE,2018,1,2723
PE,2018,2,2375
PE,2018,3,3254
PE,2018,4,4058
PE,2018,5,4816
PE,2018,6,4555
PE,2018,7,4119
PE,2018,8,3820
PE,2018,9,3446
PE,2018,10,3559
PE,2018,11,3207
PE,2018,12,3280
PE,2019,1,3236
PE,2019,2,3247
PE,2019,3,4314
PE,2019,4,4653
PE,2019,5,4777
PE,2019,6,4008
PE,2019,7,3733
PE,2019,8,4333
PE,2019,9,4142
PE,2019,10,4214
PE,2019,11,3799
PE,2019,12,3422
PE,2020,1,3086
PE,2020,2,2919
PE,2020,3,3242
PE,2020,4,1939
PE,2020,5,1819
PE,2020,6,1454
PE,2020,7,1610
PE,2020,8,1926
PE,2020,9,2000
PE,2020,10,1993
PE,2020,11,1657
PE,2020,12,1451
PE,2021,1,1726
PE,2021,2,1855
PE,2021,3,2549
PE,2021,4,2534
PE,2021,5,2926
PE,2021,6,2569
PE,2021,7,2557
PE,2021,8,2478
PE,2021,9,2492
PE,2021,10,2779
PE,2021,11,2911
PE,2021,12,3357
PE,2022,1,4377
PE,2022,2,2392
PE,2022,3,3580
PE,2022,4,4580
PE,2022,5,5863
PE,2022,6,6236
PE,2022,7,4748
PE,2022,8,5102
PE,2022,9,4136
PE,2022,10,4164
PE,2022,11,4180
PE,2022,12,4163
PE,2023,1,3445
PE,2023,2,3451
PE,2023,3,4354
PE,2023,4,5519
PE,2023,5,6581
PE,2023,6,5629
PE,2023,7,5075
PE,2023,8,4791
PE,2023,9,4361
PE,2023,10,4823
PE,2023,11,4206
PE,2023,12,3695
PE,2024,1,3019
PE,2024,2,2760
PE,2024,3,4375
PE,2024,4,6121
PE,2024,5,6741
PE,2024,6,5861
PE,2024,7,5159
PE,2024,8,4941
PE,2024,9,4945
PE,2024,10,5106
PE,2024,11,4258
PE,2024,12,3993
PE,2025,1,3482
PE,2025,2,3177
PE,2025,3,4373
PE,2025,4,5405
PE,2025,5,6000
PE,2025,6,6837
PE,2025,7,6042
PE,2025,8,5357
PE,2025,9,4920
PE,2025,10,4786
PE,2025,11,4140
PE,2025,12,2823
PI,2016,1,1550
PI,2016,2,1818
PI,2016,3,1951
PI,2016,4,2299
PI,2016,5,2355
PI,2016,6,2102
PI,2016,7,2059
PI,2016,8,1913
PI,2016,9,1829
PI,2016,10,1897
PI,2016,11,1705
PI,2016,12,1502
PI,2017,1,1668
PI,2017,2,1805
PI,2017,3,3170
PI,2017,4,2977
PI,2017,5,2620
PI,2017,6,2171
PI,2017,7,1946
PI,2017,8,1858
PI,2017,9,1726
PI,2017,10,1786
PI,2017,11,1669
PI,2017,12,1676
PI,2018,1,1816
PI,2018,2,1566
PI,2018,3,2115
PI,2018,4,2484
PI,2018,5,2672
PI,2018,6,2204
PI,2018,7,2095
PI,2018,8,1812
PI,2018,9,1837
PI,2018,10,1717
PI,2018,11,1758
PI,2018,12,1726
PI,2019,1,1735
PI,2019,2,1687
PI,2019,3,2473
PI,2019,4,2615
PI,2019,5,2521
PI,2019,6,2214
PI,2019,7,2156
PI,2019,8,1971
PI,2019,9,1949
PI,2019,10,2094
PI,2019,11,1762
PI,2019,12,1607
PI,2020,1,1681
PI,2020,2,1781
PI,2020,3,2106
PI,2020,4,1079
PI,2020,5,1072
PI,2020,6,1225
PI,2020,7,1115
PI,2020,8,1147
PI,2020,9,1207
PI,2020,10,1181
PI,2020,11,1210
PI,2020,12,1193
PI,2021,1,1419
PI,2021,2,1343
PI,2021,3,1484
PI,2021,4,1378
PI,2021,5,1470
PI,2021,6,1392
PI,2021,7,1293
PI,2021,8,1340
PI,2021,9,1349
PI,2021,10,1315
PI,2021,11,1542
PI,2021,12,1742
PI,2022,1,3041
PI,2022,2,1430
PI,2022,3,1755
PI,2022,4,2267
PI,2022,5,2401
PI,2022,6,2312
PI,2022,7,2035
PI,2022,8,1910
PI,2022,9,1780
PI,2022,10,1718
PI,2022,11,1757
PI,2022,12,1817
PI,2023,1,1625
PI,2023,2,1638
PI,2023,3,2201
PI,2023,4,2578
PI,2023,5,3249
PI,2023,6,2588
PI,2023,7,2197
PI,2023,8,2084
PI,2023,9,1902
PI,2023,10,1986
PI,2023,11,1883
PI,2023,12,1547
PI,2024,1,1459
PI,2024,2,1343
PI,2024,3,2118
PI,2024,4,2798
PI,2024,5,2617
PI,2024,6,2336
PI,2024,7,1933
PI,2024,8,1741
PI,2024,9,1781
PI,2024,10,1831
PI,2024,11,1590
PI,2024,12,1460
PI,2025,1,1491
PI,2025,2,1346
PI,2025,3,1821
PI,2025,4,2169
PI,2025,5,2831
PI,2025,6,2471
PI,2025,7,2060
PI,2025,8,1647
PI,2025,9,1993
PI,2025,10,1817
PI,2025,11,1505
PI,2025,12,940
PR,2016,1,6129
PR,2016,2,5509
PR,2016,3,8336
PR,2016,4,9260
PR,2016,5,10831
PR,2016,6,11645
PR,2016,7,10439
PR,2016,8,8563
PR,2016,9,8423
PR,2016,10,8158
PR,2016,11,6676
PR,2016,12,6128
PR,2017,1,5530
PR,2017,2,5827
PR,2017,3,8020
PR,2017,4,8137
PR,2017,5,10522
PR,2017,6,10247
PR,2017,7,9749
PR,2017,8,8950
PR,2017,9,8311
PR,2017,10,8007
PR,2017,11,7680
PR,2017,12,6365
PR,2018,1,5937
PR,2018,2,5642
PR,2018,3,7417
PR,2018,4,8763
PR,2018,5,9371
PR,2018,6,10548
PR,2018,7,11099
PR,2018,8,9107
PR,2018,9,8231
PR,2018,10,8182
PR,2018,11,7786
PR,2018,12,6550
PR,2019,1,5941
PR,2019,2,5699
PR,2019,3,7583
PR,2019,4,8980
PR,2019,5,10294
PR,2019,6,10001
PR,2019,7,9403
PR,2019,8,8469
PR,2019,9,8203
PR,2019,10,8049
PR,2019,11,7019
PR,2019,12,6671
PR,2020,1,6072
PR,2020,2,5840
PR,2020,3,6690
PR,2020,4,4296
PR,2020,5,4138
PR,2020,6,4037
PR,2020,7,4160
PR,2020,8,4156
PR,2020,9,4212
PR,2020,10,4222
PR,2020,11,4278
PR,2020,12,3439
PR,2021,1,3783
PR,2021,2,3629
PR,2021,3,3504
PR,2021,4,3357
PR,2021,5,3961
PR,2021,6,3686
PR,2021,7,4465
PR,2021,8,4831
PR,2021,9,4382
PR,2021,10,4994
PR,2021,11,5519
PR,2021,12,5672
PR,2022,1,6076
PR,2022,2,4203
PR,2022,3,5717
PR,2022,4,7997
PR,2022,5,10532
PR,2022,6,10730
PR,2022,7,9320
PR,2022,8,8009
PR,2022,9,7101
PR,2022,10,7536
PR,2022,11,6950
PR,2022,12,6454
PR,2023,1,5336
PR,2023,2,6110
PR,2023,3,9414
PR,2023,4,9534
PR,2023,5,10458
PR,2023,6,9836
PR,2023,7,9566
PR,2023,8,9165
PR,2023,9,7942
PR,2023,10,7582
PR,2023,11,7147
PR,2023,12,6173
PR,2024,1,5805
PR,2024,2,5977
PR,2024,3,7938
PR,2024,4,9875
PR,2024,5,10791
PR,2024,6,11425
PR,2024,7,10469
PR,2024,8,10470
PR,2024,9,10390
PR,2024,10,9500
PR,2024,11,8283
PR,2024,12,7043
PR,2025,1,6699
PR,2025,2,6938
PR,2025,3,8020
PR,2025,4,9005
PR,2025,5,13317
PR,2025,6,13523
PR,2025,7,11681
PR,2025,8,10289
PR,2025,9,9644
PR,2025,10,9024
PR,2025,11,7208
PR,2025,12,4124
RJ,2016,1,3438
RJ,2016,2,3277
RJ,2016,3,4286
RJ,2016,4,5038
RJ,2016,5,6208
RJ,2016,6,6432
RJ,2016,7,5751
RJ,2016,8,4410
RJ,2016,9,3593
RJ,2016,10,3378
RJ,2016,11,3039
RJ,2016,12,3012
RJ,2017,1,3148
RJ,2017,2,2773
RJ,2017,3,3698
RJ,2017,4,4271
RJ,2017,5,5499
RJ,2017,6,5154
RJ,2017,7,4947
RJ,2017,8,4231
RJ,2017,9,3774
RJ,2017,10,3727
RJ,2017,11,3559
RJ,2017,12,3403
RJ,2018,1,3035
RJ,2018,2,2592
RJ,2018,3,3841
RJ,2018,4,5333
RJ,2018,5,6216
RJ,2018,6,5571
RJ,2018,7,5020
RJ,2018,8,4613
RJ,2018,9,4294
RJ,2018,10,4369
RJ,2018,11,3988
RJ,2018,12,3702
RJ,2019,1,3386
RJ,2019,2,2997
RJ,2019,3,3740
RJ,2019,4,5454
RJ,2019,5,6448
RJ,2019,6,5504
RJ,2019,7,4939
RJ,2019,8,4431
RJ,2019,9,4209
RJ,2019,10,4324
RJ,2019,11,3974
RJ,2019,12,3974
RJ,2020,1,3371
RJ,2020,2,3238
RJ,2020,3,3845
RJ,2020,4,3711
RJ,2020,5,3546
RJ,2020,6,3313
RJ,2020,7,3505
RJ,2020,8,3307
RJ,2020,9,3319
RJ,2020,10,3486
RJ,2020,11,3776
RJ,2020,12,4071
RJ,2021,1,4361
RJ,2021,2,3445
RJ,2021,3,4192
RJ,2021,4,3367
RJ,2021,5,3711
RJ,2021,6,3358
RJ,2021,7,3710
RJ,2021,8,3741
RJ,2021,9,3390
RJ,2021,10,3928
RJ,2021,11,4834
RJ,2021,12,6534
RJ,2022,1,4629
RJ,2022,2,4001
RJ,2022,3,5857
RJ,2022,4,6192
RJ,2022,5,7287
RJ,2022,6,6986
RJ,2022,7,6589
RJ,2022,8,6346
RJ,2022,9,5462
RJ,2022,10,5440
RJ,2022,11,5133
RJ,2022,12,4512
RJ,2023,1,4173
RJ,2023,2,4506
RJ,2023,3,6652
RJ,2023,4,7959
RJ,2023,5,8113
RJ,2023,6,7064
RJ,2023,7,6595
RJ,2023,8,6209
RJ,2023,9,5812
RJ,2023,10,5734
RJ,2023,11,5100
RJ,2023,12,4289
RJ,2024,1,3998
RJ,2024,2,4078
RJ,2024,3,5630
RJ,2024,4,7234
RJ,2024,5,7729
RJ,2024,6,7497
RJ,2024,7,6498
RJ,2024,8,6316
RJ,2024,9,6099
RJ,2024,10,6035
RJ,2024,11,5687
RJ,2024,12,5053
RJ,2025,1,4427
RJ,2025,2,4307
RJ,2025,3,4956
RJ,2025,4,6126
RJ,2025,5,8761
RJ,2025,6,8620
RJ,2025,7,7051
RJ,2025,8,5903
RJ,2025,9,5687
RJ,2025,10,5219
RJ,2025,11,4418
RJ,2025,12,2262
RN,2016,1,709
RN,2016,2,855
RN,2016,3,1045
RN,2016,4,1083
RN,2016,5,1132
RN,2016,6,1056
RN,2016,7,969
RN,2016,8,891
RN,2016,9,796
RN,2016,10,819
RN,2016,11,735
RN,2016,12,695
RN,2017,1,712
RN,2017,2,783
RN,2017,3,1196
RN,2017,4,1241
RN,2017,5,1264
RN,2017,6,1129
RN,2017,7,978
RN,2017,8,936
RN,2017,9,966
RN,2017,10,962
RN,2017,11,813
RN,2017,12,819
RN,2018,1,754
RN,2018,2,726
RN,2018,3,1002
RN,2018,4,1125
RN,2018,5,1417
RN,2018,6,1174
RN,2018,7,1180
RN,2018,8,1083
RN,2018,9,941
RN,2018,10,927
RN,2018,11,941
RN,2018,12,810
RN,2019,1,810
RN,2019,2,788
RN,2019,3,1125
RN,2019,4,1279
RN,2019,5,1305
RN,2019,6,1037
RN,2019,7,979
RN,2019,8,963
RN,2019,9,987
RN,2019,10,863
RN,2019,11,927
RN,2019,12,857
RN,2020,1,734
RN,2020,2,737
RN,2020,3,940
RN,2020,4,483
RN,2020,5,422
RN,2020,6,438
RN,2020,7,519
RN,2020,8,595
RN,2020,9,642
RN,2020,10,700
RN,2020,11,571
RN,2020,12,597
RN,2021,1,617
RN,2021,2,644
RN,2021,3,703
RN,2021,4,726
RN,2021,5,877
RN,2021,6,808
RN,2021,7,774
RN,2021,8,846
RN,2021,9,864
RN,2021,10,922
RN,2021,11,868
RN,2021,12,857
RN,2022,1,1281
RN,2022,2,794
RN,2022,3,888
RN,2022,4,1325
RN,2022,5,1663
RN,2022,6,1404
RN,2022,7,1050
RN,2022,8,1087
RN,2022,9,1049
RN,2022,10,1010
RN,2022,11,1010
RN,2022,12,896
RN,2023,1,864
RN,2023,2,836
RN,2023,3,985
RN,2023,4,1295
RN,2023,5,1683
RN,2023,6,1394
RN,2023,7,1423
RN,2023,8,1398
RN,2023,9,1355
RN,2023,10,1178
RN,2023,11,1100
RN,2023,12,1105
RN,2024,1,856
RN,2024,2,846
RN,2024,3,1162
RN,2024,4,1617
RN,2024,5,1688
RN,2024,6,1484
RN,2024,7,1410
RN,2024,8,1246
RN,2024,9,1221
RN,2024,10,1216
RN,2024,11,1119
RN,2024,12,956
RN,2025,1,1007
RN,2025,2,876
RN,2025,3,1196
RN,2025,4,1510
RN,2025,5,1722
RN,2025,6,1600
RN,2025,7,1552
RN,2025,8,1282
RN,2025,9,1168
RN,2025,10,1115
RN,2025,11,923
RN,2025,12,693
RO,2016,1,642
RO,2016,2,641
RO,2016,3,1066
RO,2016,4,1518
RO,2016,5,1476
RO,2016,6,1417
RO,2016,7,1170
RO,2016,8,835
RO,2016,9,888
RO,2016,10,919
RO,2016,11,841
RO,2016,12,872
RO,2017,1,877
RO,2017,2,1007
RO,2017,3,1760
RO,2017,4,1271
RO,2017,5,1121
RO,2017,6,1040
RO,2017,7,1055
RO,2017,8,965
RO,2017,9,1071
RO,2017,10,1113
RO,2017,11,1081
RO,2017,12,1032
RO,2018,1,847
RO,2018,2,738
RO,2018,3,1040
RO,2018,4,1181
RO,2018,5,1593
RO,2018,6,1585
RO,2018,7,1303
RO,2018,8,1127
RO,2018,9,1099
RO,2018,10,1056
RO,2018,11,988
RO,2018,12,853
RO,2019,1,838
RO,2019,2,990
RO,2019,3,1492
RO,2019,4,1452
RO,2019,5,1476
RO,2019,6,1179
RO,2019,7,1033
RO,2019,8,935
RO,2019,9,935
RO,2019,10,989
RO,2019,11,985
RO,2019,12,815
RO,2020,1,735
RO,2020,2,739
RO,2020,3,841
RO,2020,4,518
RO,2020,5,393
RO,2020,6,377
RO,2020,7,420
RO,2020,8,461
RO,2020,9,397
RO,2020,10,375
RO,2020,11,393
RO,2020,12,384
RO,2021,1,435
RO,2021,2,407
RO,2021,3,449
RO,2021,4,508
RO,2021,5,604
RO,2021,6,705
RO,2021,7,647
RO,2021,8,569
RO,2021,9,505
RO,2021,10,605
RO,2021,11,651
RO,2021,12,925
RO,2022,1,1240
RO,2022,2,708
RO,2022,3,1351
RO,2022,4,1474
RO,2022,5,1686
RO,2022,6,1434
RO,2022,7,1093
RO,2022,8,910
RO,2022,9,1080
RO,2022,10,1048
RO,2022,11,976
RO,2022,12,833
RO,2023,1,637
RO,2023,2,966
RO,2023,3,1622
RO,2023,4,2098
RO,2023,5,2041
RO,2023,6,1488
RO,2023,7,1298
RO,2023,8,1217
RO,2023,9,1099
RO,2023,10,1138
RO,2023,11,989
RO,2023,12,909
RO,2024,1,665
RO,2024,2,749
RO,2024,3,1191
RO,2024,4,1982
RO,2024,5,2034
RO,2024,6,1480
RO,2024,7,1266
RO,2024,8,951
RO,2024,9,1138
RO,2024,10,1155
RO,2024,11,1158
RO,2024,12,1146
RO,2025,1,994
RO,2025,2,985
RO,2025,3,1347
RO,2025,4,1632
RO,2025,5,2176
RO,2025,6,2044
RO,2025,7,1742
RO,2025,8,1232
RO,2025,9,1103
RO,2025,10,927
RO,2025,11,780
RO,2025,12,671
RR,2016,1,155
RR,2016,2,152
RR,2016,3,190
RR,2016,4,205
RR,2016,5,258
RR,2016,6,399
RR,2016,7,381
RR,2016,8,347
RR,2016,9,284
RR,2016,10,214
RR,2016,11,230
RR,2016,12,247
RR,2017,1,231
RR,2017,2,251
RR,2017,3,303
RR,2017,4,304
RR,2017,5,383
RR,2017,6,401
RR,2017,7,385
RR,2017,8,344
RR,2017,9,301
RR,2017,10,320
RR,2017,11,234
RR,2017,12,267
RR,2018,1,223
RR,2018,2,177
RR,2018,3,233
RR,2018,4,227
RR,2018,5,322
RR,2018,6,522
RR,2018,7,555
RR,2018,8,482
RR,2018,9,290
RR,2018,10,271
RR,2018,11,249
RR,2018,12,247
RR,2019,1,235
RR,2019,2,238
RR,2019,3,219
RR,2019,4,248
RR,2019,5,288
RR,2019,6,435
RR,2019,7,437
RR,2019,8,417
RR,2019,9,378
RR,2019,10,321
RR,2019,11,291
RR,2019,12,265
RR,2020,1,228
RR,2020,2,239
RR,2020,3,252
RR,2020,4,140
RR,2020,5,103
RR,2020,6,279
RR,2020,7,205
RR,2020,8,214
RR,2020,9,170
RR,2020,10,193
RR,2020,11,204
RR,2020,12,208
RR,2021,1,369
RR,2021,2,335
RR,2021,3,283
RR,2021,4,311
RR,2021,5,384
RR,2021,6,358
RR,2021,7,417
RR,2021,8,445
RR,2021,9,297
RR,2021,10,319
RR,2021,11,294
RR,2021,12,350
RR,2022,1,301
RR,2022,2,239
RR,2022,3,348
RR,2022,4,313
RR,2022,5,523
RR,2022,6,621
RR,2022,7,435
RR,2022,8,486
RR,2022,9,478
RR,2022,10,460
RR,2022,11,410
RR,2022,12,426
RR,2023,1,387
RR,2023,2,399
RR,2023,3,440
RR,2023,4,388
RR,2023,5,557
RR,2023,6,628
RR,2023,7,677
RR,2023,8,626
RR,2023,9,450
RR,2023,10,461
RR,2023,11,414
RR,2023,12,356
RR,2024,1,246
RR,2024,2,272
RR,2024,3,330
RR,2024,4,283
RR,2024,5,359
RR,2024,6,563
RR,2024,7,548
RR,2024,8,591
RR,2024,9,469
RR,2024,10,384
RR,2024,11,356
RR,2024,12,268
RR,2025,1,198
RR,2025,2,222
RR,2025,3,309
RR,2025,4,234
RR,2025,5,395
RR,2025,6,523
RR,2025,7,525
RR,2025,8,469
RR,2025,9,322
RR,2025,10,242
RR,2025,11,83
RR,2025,12,30
RS,2016,1,5694
RS,2016,2,5043
RS,2016,3,7015
RS,2016,4,8846
RS,2016,5,11567
RS,2016,6,11676
RS,2016,7,11899
RS,2016,8,10577
RS,2016,9,9398
RS,2016,10,9132
RS,2016,11,6935
RS,2016,12,6040
RS,2017,1,5304
RS,2017,2,4806
RS,2017,3,7387
RS,2017,4,7080
RS,2017,5,10162
RS,2017,6,12097
RS,2017,7,11352
RS,2017,8,9598
RS,2017,9,8029
RS,2017,10,7736
RS,2017,11,7232
RS,2017,12,5943
RS,2018,1,5334
RS,2018,2,4340
RS,2018,3,6357
RS,2018,4,6795
RS,2018,5,7902
RS,2018,6,9863
RS,2018,7,12430
RS,2018,8,11216
RS,2018,9,9024
RS,2018,10,8209
RS,2018,11,6488
RS,2018,12,5442
RS,2019,1,5033
RS,2019,2,4416
RS,2019,3,5981
RS,2019,4,6912
RS,2019,5,9180
RS,2019,6,10474
RS,2019,7,10840
RS,2019,8,10167
RS,2019,9,8993
RS,2019,10,8321
RS,2019,11,6287
RS,2019,12,5618
RS,2020,1,5033
RS,2020,2,4303
RS,2020,3,5572
RS,2020,4,3532
RS,2020,5,3689
RS,2020,6,3922
RS,2020,7,4041
RS,2020,8,4160
RS,2020,9,3915
RS,2020,10,4016
RS,2020,11,3872
RS,2020,12,3585
RS,2021,1,3692
RS,2021,2,3219
RS,2021,3,3032
RS,2021,4,3317
RS,2021,5,4584
RS,2021,6,5118
RS,2021,7,6090
RS,2021,8,5982
RS,2021,9,5410
RS,2021,10,6268
RS,2021,11,5672
RS,2021,12,5341
RS,2022,1,5912
RS,2022,2,4088
RS,2022,3,5680
RS,2022,4,8004
RS,2022,5,10909
RS,2022,6,11422
RS,2022,7,10601
RS,2022,8,8711
RS,2022,9,7734
RS,2022,10,7683
RS,2022,11,6750
RS,2022,12,6196
RS,2023,1,5226
RS,2023,2,4224
RS,2023,3,7218
RS,2023,4,8062
RS,2023,5,10958
RS,2023,6,10035
RS,2023,7,9566
RS,2023,8,8925
RS,2023,9,7645
RS,2023,10,7473
RS,2023,11,6576
RS,2023,12,5904
RS,2024,1,5272
RS,2024,2,4780
RS,2024,3,6757
RS,2024,4,8333
RS,2024,5,8889
RS,2024,6,9944
RS,2024,7,10787
RS,2024,8,9599
RS,2024,9,10281
RS,2024,10,9488
RS,2024,11,7102
RS,2024,12,6167
RS,2025,1,5252
RS,2025,2,4635
RS,2025,3,6156
RS,2025,4,7143
RS,2025,5,10963
RS,2025,6,11925
RS,2025,7,11414
RS,2025,8,8667
RS,2025,9,8250
RS,2025,10,7726
RS,2025,11,5850
RS,2025,12,2820
SC,2016,1,3093
SC,2016,2,2933
SC,2016,3,4030
SC,2016,4,4858
SC,2016,5,5744
SC,2016,6,6405
SC,2016,7,6015
SC,2016,8,5284
SC,2016,9,5026
SC,2016,10,4800
SC,2016,11,4014
SC,2016,12,3134
SC,2017,1,2897
SC,2017,2,2762
SC,2017,3,4050
SC,2017,4,4244
SC,2017,5,6133
SC,2017,6,6388
SC,2017,7,5771
SC,2017,8,5114
SC,2017,9,4787
SC,2017,10,4922
SC,2017,11,4751
SC,2017,12,3640
SC,2018,1,3227
SC,2018,2,3135
SC,2018,3,3869
SC,2018,4,4314
SC,2018,5,5104
SC,2018,6,6276
SC,2018,7,6892
SC,2018,8,5786
SC,2018,9,5014
SC,2018,10,4747
SC,2018,11,4402
SC,2018,12,3458
SC,2019,1,3138
SC,2019,2,3011
SC,2019,3,3907
SC,2019,4,4515
SC,2019,5,5657
SC,2019,6,5891
SC,2019,7,6072
SC,2019,8,5354
SC,2019,9,5171
SC,2019,10,5307
SC,2019,11,4213
SC,2019,12,3546
SC,2020,1,3167
SC,2020,2,3259
SC,2020,3,3797
SC,2020,4,2264
SC,2020,5,2066
SC,2020,6,2409
SC,2020,7,2403
SC,2020,8,2300
SC,2020,9,2320
SC,2020,10,2613
SC,2020,11,2662
SC,2020,12,2258
SC,2021,1,2343
SC,2021,2,2233
SC,2021,3,2288
SC,2021,4,2314
SC,2021,5,3090
SC,2021,6,2928
SC,2021,7,2999
SC,2021,8,3029
SC,2021,9,3073
SC,2021,10,3426
SC,2021,11,3602
SC,2021,12,3672
SC,2022,1,3899
SC,2022,2,2780
SC,2022,3,3659
SC,2022,4,5002
SC,2022,5,6423
SC,2022,6,6838
SC,2022,7,5852
SC,2022,8,4959
SC,2022,9,4497
SC,2022,10,4329
SC,2022,11,4241
SC,2022,12,3759
SC,2023,1,3240
SC,2023,2,3169
SC,2023,3,4980
SC,2023,4,5682
SC,2023,5,6989
SC,2023,6,5828
SC,2023,7,5811
SC,2023,8,5246
SC,2023,9,4799
SC,2023,10,4849
SC,2023,11,4213
SC,2023,12,3749
SC,2024,1,3618
SC,2024,2,3643
SC,2024,3,4987
SC,2024,4,6183
SC,2024,5,7113
SC,2024,6,6812
SC,2024,7,6979
SC,2024,8,6472
SC,2024,9,6599
SC,2024,10,6173
SC,2024,11,5055
SC,2024,12,4200
SC,2025,1,4144
SC,2025,2,3915
SC,2025,3,4961
SC,2025,4,5948
SC,2025,5,8359
SC,2025,6,7809
SC,2025,7,7102
SC,2025,8,6066
SC,2025,9,5775
SC,2025,10,5757
SC,2025,11,4816
SC,2025,12,2323
SE,2016,1,409
SE,2016,2,382
SE,2016,3,524
SE,2016,4,652
SE,2016,5,771
SE,2016,6,770
SE,2016,7,662
SE,2016,8,631
SE,2016,9,604
SE,2016,10,572
SE,2016,11,469
SE,2016,12,470
SE,2017,1,451
SE,2017,2,438
SE,2017,3,581
SE,2017,4,662
SE,2017,5,882
SE,2017,6,705
SE,2017,7,728
SE,2017,8,650
SE,2017,9,534
SE,2017,10,640
SE,2017,11,589
SE,2017,12,508
SE,2018,1,532
SE,2018,2,451
SE,2018,3,615
SE,2018,4,741
SE,2018,5,1099
SE,2018,6,960
SE,2018,7,841
SE,2018,8,744
SE,2018,9,594
SE,2018,10,596
SE,2018,11,545
SE,2018,12,502
SE,2019,1,452
SE,2019,2,426
SE,2019,3,604
SE,2019,4,886
SE,2019,5,817
SE,2019,6,715
SE,2019,7,670
SE,2019,8,702
SE,2019,9,681
SE,2019,10,773
SE,2019,11,646
SE,2019,12,619
SE,2020,1,544
SE,2020,2,535
SE,2020,3,556
SE,2020,4,311
SE,2020,5,280
SE,2020,6,302
SE,2020,7,336
SE,2020,8,424
SE,2020,9,479
SE,2020,10,461
SE,2020,11,376
SE,2020,12,286
SE,2021,1,291
SE,2021,2,392
SE,2021,3,489
SE,2021,4,433
SE,2021,5,503
SE,2021,6,640
SE,2021,7,503
SE,2021,8,524
SE,2021,9,465
SE,2021,10,638
SE,2021,11,615
SE,2021,12,849
SE,2022,1,1084
SE,2022,2,565
SE,2022,3,844
SE,2022,4,844
SE,2022,5,1011
SE,2022,6,950
SE,2022,7,875
SE,2022,8,858
SE,2022,9,821
SE,2022,10,817
SE,2022,11,692
SE,2022,12,633
SE,2023,1,568
SE,2023,2,547
SE,2023,3,819
SE,2023,4,1199
SE,2023,5,1164
SE,2023,6,1027
SE,2023,7,1002
SE,2023,8,903
SE,2023,9,970
SE,2023,10,966
SE,2023,11,712
SE,2023,12,678
SE,2024,1,607
SE,2024,2,625
SE,2024,3,841
SE,2024,4,962
SE,2024,5,1358
SE,2024,6,1118
SE,2024,7,909
SE,2024,8,968
SE,2024,9,957
SE,2024,10,996
SE,2024,11,704
SE,2024,12,755
SE,2025,1,700
SE,2025,2,675
SE,2025,3,828
SE,2025,4,853
SE,2025,5,1038
SE,2025,6,1074
SE,2025,7,1104
SE,2025,8,1112
SE,2025,9,944
SE,2025,10,833
SE,2025,11,501
SE,2025,12,189
SP,2016,1,13302
SP,2016,2,13861
SP,2016,3,22284
SP,2016,4,26330
SP,2016,5,24865
SP,2016,6,25127
SP,2016,7,21873
SP,2016,8,19697
SP,2016,9,19007
SP,2016,10,18678
SP,2016,11,17025
SP,2016,12,14969
SP,2017,1,13844
SP,2017,2,15550
SP,2017,3,21630
SP,2017,4,22623
SP,2017,5,24917
SP,2017,6,23400
SP,2017,7,20946
SP,2017,8,20387
SP,2017,9,19590
SP,2017,10,18865
SP,2017,11,17338
SP,2017,12,15501
SP,2018,1,13909
SP,2018,2,13806
SP,2018,3,19180
SP,2018,4,23433
SP,2018,5,24070
SP,2018,6,24062
SP,2018,7,21395
SP,2018,8,19849
SP,2018,9,18334
SP,2018,10,19567
SP,2018,11,18753
SP,2018,12,16217
SP,2019,1,13883
SP,2019,2,13675
SP,2019,3,18522
SP,2019,4,23322
SP,2019,5,23629
SP,2019,6,23209
SP,2019,7,20322
SP,2019,8,20019
SP,2019,9,18685
SP,2019,10,19543
SP,2019,11,16680
SP,2019,12,15888
SP,2020,1,14451
SP,2020,2,15760
SP,2020,3,20637
SP,2020,4,12938
SP,2020,5,13611
SP,2020,6,12743
SP,2020,7,14450
SP,2020,8,13314
SP,2020,9,12489
SP,2020,10,13043
SP,2020,11,12167
SP,2020,12,11345
SP,2021,1,12237
SP,2021,2,12657
SP,2021,3,14635
SP,2021,4,10530
SP,2021,5,12638
SP,2021,6,12393
SP,2021,7,13796
SP,2021,8,14633
SP,2021,9,14086
SP,2021,10,15365
SP,2021,11,17683
SP,2021,12,21755
SP,2022,1,19783
SP,2022,2,13380
SP,2022,3,18256
SP,2022,4,20530
SP,2022,5,22823
SP,2022,6,22355
SP,2022,7,20054
SP,2022,8,19895
SP,2022,9,19250
SP,2022,10,21046
SP,2022,11,19460
SP,2022,12,17571
SP,2023,1,15225
SP,2023,2,18993
SP,2023,3,23752
SP,2023,4,23283
SP,2023,5,25447
SP,2023,6,24112
SP,2023,7,22454
SP,2023,8,22226
SP,2023,9,19376
SP,2023,10,18847
SP,2023,11,18466
SP,2023,12,15999
SP,2024,1,14297
SP,2024,2,15582
SP,2024,3,21175
SP,2024,4,25995
SP,2024,5,25733
SP,2024,6,26142
SP,2024,7,23571
SP,2024,8,24485
SP,2024,9,22817
SP,2024,10,21840
SP,2024,11,21053
SP,2024,12,18486
SP,2025,1,16192
SP,2025,2,16920
SP,2025,3,20780
SP,2025,4,25856
SP,2025,5,31141
SP,2025,6,28254
SP,2025,7,23201
SP,2025,8,23398
SP,2025,9,22085
SP,2025,10,21886
SP,2025,11,19076
SP,2025,12,12245
TO,2016,1,402
TO,2016,2,425
TO,2016,3,706
TO,2016,4,690
TO,2016,5,599
TO,2016,6,631
TO,2016,7,476
TO,2016,8,470
TO,2016,9,451
TO,2016,10,504
TO,2016,11,524
TO,2016,12,615
TO,2017,1,670
TO,2017,2,851
TO,2017,3,1104
TO,2017,4,786
TO,2017,5,764
TO,2017,6,730
TO,2017,7,480
TO,2017,8,488
TO,2017,9,581
TO,2017,10,518
TO,2017,11,391
TO,2017,12,468
TO,2018,1,438
TO,2018,2,471
TO,2018,3,676
TO,2018,4,760
TO,2018,5,921
TO,2018,6,714
TO,2018,7,470
TO,2018,8,424
TO,2018,9,430
TO,2018,10,516
TO,2018,11,494
TO,2018,12,492
TO,2019,1,454
TO,2019,2,461
TO,2019,3,789
TO,2019,4,928
TO,2019,5,778
TO,2019,6,645
TO,2019,7,497
TO,2019,8,548
TO,2019,9,581
TO,2019,10,618
TO,2019,11,666
TO,2019,12,846
TO,2020,1,607
TO,2020,2,706
TO,2020,3,691
TO,2020,4,348
TO,2020,5,284
TO,2020,6,297
TO,2020,7,313
TO,2020,8,317
TO,2020,9,275
TO,2020,10,316
TO,2020,11,314
TO,2020,12,327
TO,2021,1,359
TO,2021,2,365
TO,2021,3,461
TO,2021,4,420
TO,2021,5,462
TO,2021,6,475
TO,2021,7,375
TO,2021,8,389
TO,2021,9,342
TO,2021,10,361
TO,2021,11,415
TO,2021,12,541
TO,2022,1,955
TO,2022,2,495
TO,2022,3,799
TO,2022,4,899
TO,2022,5,876
TO,2022,6,684
TO,2022,7,549
TO,2022,8,548
TO,2022,9,617
TO,2022,10,632
TO,2022,11,564
TO,2022,12,584
TO,2023,1,501
TO,2023,2,655
TO,2023,3,964
TO,2023,4,1023
TO,2023,5,1111
TO,2023,6,906
TO,2023,7,705
TO,2023,8,692
TO,2023,9,705
TO,2023,10,603
TO,2023,11,610
TO,2023,12,572
TO,2024,1,506
TO,2024,2,625
TO,2024,3,937
TO,2024,4,1365
TO,2024,5,1263
TO,2024,6,781
TO,2024,7,591
TO,2024,8,665
TO,2024,9,685
TO,2024,10,683
TO,2024,11,747
TO,2024,12,737
TO,2025,1,688
TO,2025,2,751
TO,2025,3,931
TO,2025,4,1172
TO,2025,5,1493
TO,2025,6,1137
TO,2025,7,753
TO,2025,8,674
TO,2025,9,732
TO,2025,10,557
TO,2025,11,410
TO,2025,12,319
